68053d2c	Sun tarina
77ab368e	seitsemäs luokka , Yläkoulun startti
7a915763	Uusi vaihe alkaa , ja se on jännittävää! Yläkoulussa kehität opiskelutaitoja, löydät omat vahvuutesi ja alat miettiä tulevaisuuttasi.
deaedffd	Tervetuloa yläkouluun
452b5346	Ensimmäinen oppitunti: orientaatio ja selviytymisopas
f9161938	Tunnin tavoitteet
88507686	Avaa ja katso, mitä tällä tunnilla tehdään
770f1cf2	Tavoitteet
a96a309c	Tiedät, mitä uusia oppiaineita seitsemäs luokalla on odottamassa
119d82b2	Tiedät, mikä oppilaanohjaus on ja keneltä saat apua
2d753bcc	Tiedät, mitä neljää selviytymiskeinoa yläkoulussa tarvitset
e155292f	Tunnistat, että jännittäminen uudessa tilanteessa on normaalia
855136d4	Olet tutustunut Roboon ja kirjoittanut ajatuksia itsellesi tulevaisuuteen
63842e33	Miksi tämä kannattaa?Siirtymä alakoulusta yläkouluun on tutkitusti yksi koulupolun herkimmistä vaiheista: hyvä alku vahvistaa kouluun kiinnittymistä, mikä ennustaa sekä oppimistuloksia että hyvinvointia koko yläkoulun ajan. Uusiin aineisiin ja oppilaanohjaukseen tutustuminen heti alussa antaa oppilaille kokonaiskuvan yläkoulusta , ja selviytymisoppaan neljä keinoa tarjoavat konkreettisen kehyksen koko yläkouluvuosille.
d460e7da	Yläkoulussa kehität opiskelutaitoja, löydät omat vahvuutesi ja alat miettiä tulevaisuuttasi.
199d2553	Kaikki on alussa vähän uutta , ja se kuuluu asiaan.
b72ec2e5	Et ole tässä yksin , kaikki muut ovat samassa tilanteessa.
1ccd2dcd	Lukujärjestys muuttuu , uusia aineita tulossa
a0509683	Yläkouluun siirtyminen tuo lukujärjestykseen uusia oppiaineita. Alakoulun ympäristöoppi jakautuu seitsemäs luokalla viideksi erilliseksi aineeksi: biologiaksi, maantiedoksi, fysiikaksi, kemiaksi ja terveystiedoksi.
baf281a9	Uudet aineet seitsemäs lk:lla
927bbc32	Kotitalous
3070ca77	uusi
edcb5e80	Terveystieto
fb953e14	Biologia ja maantieto
c0a3cc70	Fysiikka
24dcc7ce	Kemia
05417e1c	Oppilaanohjaus (opo)
4449214f	Jatkuvat aineet
6df132f1	Äidinkieli ja kirjallisuus
68620b5b	jatkuu
daaddfed	Matematiikka
dd0f631e	Kielet (A- ja B-kielet, ruotsi)
5afb3e20	Historia ja yhteiskuntaoppi
432d6e1b	Uskonto / Elämänkatsomustieto
07158fc3	Taito- ja taideaineet
66c98718	Lähteet: ePerusteet , Perusopetuksen OPS 2014
1e700130	Suurenna
a7177d84	Hei! Olen sinun verkkovalmentajasi. Minäkin aloitin alusta kerran…
d3b5b60a	Yläkoulun selviytymisopas
5058b562	Neljä keinoa selviytyä yläkoulun arjesta
aed17d45	Yksin
0e005c15	Interaktiivinen tarinatehtävä
71ad3b43	Robo saapuu yläkouluun
17b0e25e	Tutustuu Roboon ja tekoälyyn , ja kirjoita kirje itsellesi tulevaisuuteen. Mitä haaveilet? Mitä pelkäät? Mitä haluat muistaa?
3fed1e11	Operaatio Yläkoulu
8ec0e809	Amazing Race
80d62804	Teette tämän tehtävän ryhmissä. Opettaja antaa jokaiselle ryhmälle kirjekuoren , sisällä on neljä rastikorttia. Ratkaiskaa rastit järjestyksessä yhdessä liikkuen.
834438e7	Avatkaa Rasti 1 ja lukekaa ohjeet ääneen yhdessä
a6eb407d	Ratkaiskaa tehtävä , ryhmä päättää itse milloin on valmis
1bd1fc2b	Vasta sitten avatkaa seuraava kortti
8bca613a	Viimeisessä rastissa valmistaudutte esitykseen koko luokalle
b57d60ae	Yhteenveto , mitä opit tällä oppitunnilla
c849d287	Avaa, kun olet tehnyt oppitunnin tehtävät
e782713e	Tämän oppitunnin jälkeen
4a6f92be	Tiedät, mitä uusia oppiaineita seitsemäs luokalla on
9e933617	Osaat nimetä Yläkoulun selviytymisoppaan neljä keinoa
f2caf29f	Tiedät, mitä oppilaanohjaus tarkoittaa ja kuka on oposi
2b3c2a74	Olet kirjoittanut kirjeen itsellesi , ajatukset tallennettu tulevaisuuteen
fff76120	Osaat nimetä ainakin kolme aikuista yläkoulussa, joilta voit pyytää apua
ed2aef45	Kirjoita kirje itsellesi kolmen vuoden päähän: Mitä toivot olevasi silloin? Mitä pelkäät? Mikä sinussa on nyt sellaista, jota et halua unohtaa? Säilytä kirje ja lue se yhdeksäs luokalla.
ca1e6d95	Kirjoita rehellisesti , kirje on vain sinulle
27dde882	Rupatteluhetki
332a4db1	Kysymyskortit tutustumiseen ja ryhmäytymiseen , rentoa juttelua yhdessä
7337b535	Ryhmässä
fb3c8c52	Pelitehtävä
12f6c7c9	Kysymyskortit
a2f6438b	Juttele kavereiden kanssa ja tutustukaa rennosti. Nostakaa kysymyskortteja ja vastatkaa vuorotellen , mukana hauskoja, rentoja ja vähän syvempiäkin kysymyksiä.
e2002e65	Selviytymiskeino 1 - opi oppimaan!
b4da3335	Opi, kasva, loista
a8ccbd93	Tunnet aivojen tavan oppia: kertaus, uni ja tauot kuuluvat oppimiseen
7c4ea502	Kokeilet vähintään yhtä uutta opiskelutekniikkaa
107cc17a	Ymmärrät, että oppiminen on taito, jota voi harjoitella , ei synnyinlahja
e5212a80	Miksi tämä kannattaa?Tutkimusten mukaan tehokkaimmat opiskelutekniikat , kuten itsensä testaaminen ja hajautettu kertaus , ovat juuri niitä, joita opiskelijat käyttävät vähiten. Kun opit nämä tekniikat nyt, säästät satoja tunteja työtä yläkoulun, kokeiden ja myöhemmin jatko-opintojen aikana.
966a0207	Kaikki oppii eri tavalla. Toinen oppii kuuntelemalla, toinen tekemällä. Hyvä oppija kokeilee eri tapoja, ei luovuta heti ja pyytää apua.
e11c2640	Oppiminen ei ole lahja , se on taito, jota voi ja kannattaakin kehittää!
c77e687c	Opi, kasva, loista!
2f9b774a	Muisti , Lukeminen , Ajanhallinta , Tekoäly
54798fb4	Neljä tehtävää, joissa harjoittelet oppimisen tärkeimpiä taitoja.
4aba8f39	Muisti ja muistaminen
204aaa93	Opi, miten aivosi toimivat!
e03b0401	Avaa tehtävä
cc376c55	Lukeminen
cc5178fb	Opi lukemaan älykkäämmin!
597289d8	Aikataulut
476398de	Ota aika hallintaan!
af749013	Opi tekoälyn kanssa
3e7f3bb9	Kokeile uutta oppimistapaa!
fafd11a4	Pakopeli
a445e1b4	Yläkoulun pakopeli: opi oppimaan!
b87265a1	Pääsetkö pakoon? Ratkaise tehtävät ja löydä omat oppimistapasi pelaamalla.
1ba46e11	Vinkki: kokeile eri vaihtoehtoja
77e4b65c	Tiedon temppeli
e89f1152	Pääsetkö temppelin huipulle? Nopeus ratkaisee!
3a8e4c1d	Tee itsellesi henkilökohtainen opiskelusuunnitelma: valitse yksi oppiaine, johon haluat panostaa tällä viikolla. Kirjaa, milloin opiskelet, miten ja miten arvioit onnistumistasi viikon lopussa.
3af25955	Pienet, konkreettiset tavoitteet toimivat paremmin kuin isot haaveet
c0f1cbe7	Hyvä tietää: tämä on koulutehtävä. Opettaja voi joskus pyytää sinua näyttämään päiväkirjasi. Se auttaa häntä tukemaan sinua. Kirjoita rehellisesti , ja juuri niin paljon kuin sinusta tuntuu hyvältä.
a2508fc2	Nimi
0fcfa56c	Luokka
61b5d792	Valitse 1, 2 kysymystä tai kaikki. Kirjoita lyhyt vastaus.
01ac01b0	Mikä tapa oppia toimi sinulle parhaiten tällä oppitunnilla?
ec634694	Mikä opiskelussa tuntui vaikealta?
34a95a04	Mitä kokeilisit ensi kerralla toisin?
3fc30e22	Osaat selittää, miksi pänttääminen yöllä ennen koetta ei toimi
576276a5	Tunnet vähintään kaksi tekniikkaa, joilla asiat jäävät muistiin paremmin
8a1973b8	Sinulla on suunnitelma, miten kokeilet uutta tekniikkaa seuraavan kokeen alla
9c512888	Selviytymiskeino 2 - löydä motivaatiosi
25ebf98e	Innostu uudelleen
248e6244	Tiedät, että motivaatio ei ole pysyvä ominaisuus vaan tila, johon voi vaikuttaa
36e896bd	Tunnistat asioita, jotka syövät tai ruokkivat omaa intoasi
c18d3ccb	Opit erottamaan sisäisen innostuksen ja ulkoisen pakon
0ee2eaa8	Miksi tämä kannattaa?Motivaatiotutkimuksen mukaan into syntyy kolmesta asiasta: saat päättää itse, opit ja onnistut, ja kuulut joukkoon. Kun tunnistat nämä, et jää odottamaan että motivaatio 'palaa itsestään' , vaan osaat hakea sitä aktiivisesti. Tätä taitoa tarvitset joka kerta, kun tylsä jakso iskee koulussa, harrastuksessa tai myöhemmin työssä.
beea4061	Mikä saa sinut liikkeelle?
05dc45b7	Motivaatio voi tulla kahdesta suunnasta , ja molemmat toimivat.
97534f20	Sisäinen motivaatio
6a5cff6b	Teen, koska haluan
f606786c	Saat energiaa itse tekemisestä tai oppimisesta.
f2c72b32	Esimerkkejä
b6600f80	, Aihe kiinnostaa oikeasti
301f6fec	, Haluaa osata paremmin
15639107	, Tekeminen tuntuu hyvältä
9aa010fb	Milloin viimeksi aika lensi koulussa?
086d15c9	Ulkoinen motivaatio
968b9f34	Teen, koska täytyy tai saa palkkion
91ff1d5a	Energia tulee ulkopuolelta: arvosana, kehu tai seuraukset.
a3cf8780	, Hyvä arvosana
76f2a4c4	, Vanhemmat odottavat
b4c0c4d7	, Ei halua epäonnistua
caab75d8	Mitä tapahtuu, jos palkinto katoaa?
aa08f03e	Molempia tarvitaan , omat keinot selviävät kokeilemalla.
7ece38f8	Mieti ennen peliä
321c122f	Onko sinulla oppiaine, joka tuntuu helpolta? Miksi?
806a9db9	Onko oppiaine, jota teet vain pakon edessä? Miltä se tuntuu?
a3d1cf0e	Mitä tapahtuisi, jos arvosanat poistuisivat kokonaan?
173f6714	Kadonnut motivaatio
0f79d7fc	Motivaatio on kadonnut , löydätkö sen? Pelaa ja löydä omat keinosi jaksamiseen.
94db308e	Motivaatiotori
afc39892	Liikkuva tehtävä
0c67b141	Jokaiselle ryhmälle annetaan yksi motivaatio-ongelmakortti. Ensin ryhmä keksii omat ratkaisut, sitten kierretään parantamassa toistensa ideoita.
ab9f8781	Lue korttisi ongelma ääneen ryhmälle
acf78700	Kirjaa kaikki ratkaisuideat kortille (3 min)
262722f8	Siirry seuraavalle kortille , lisää tai paranna ideoita (3 min/kierros)
113c8c53	Palaa omalle kortille ja valitse paras idea
74f8cd3d	Esittele ongelma ja voittajaidea luokalle (30 sek)
351f4753	Pidä motivaatiopäiväkirjaa viikon ajan: kirjaa joka päivä yksi asia, joka innosti sinua oppimaan , ja merkitse, oliko se sisäistä (halusin itse) vai ulkoista (piti tehdä / odotettiin). Pohdi viikon lopussa: kummasta saat enemmän energiaa?
87ff2397	Pienetkin asiat kelpaavat , vaikkapa se tunti, jolloin aika lensi
23337da4	Mikä saa sinut jaksamaan koulussa?
81f48dd9	Mikä vie sinulta motivaation?
b592dd1d	Mikä auttaisi sinua, kun into loppuu?
5000d943	Osaat nimetä kolme asiaa, jotka vaikuttavat omaan motivaatioosi
44ec92c4	Tiedät ainakin yhden keinon, jolla saat itsesi liikkeelle tylsänä päivänä
2d10a7b1	Ymmärrät eron: teen koska haluan vs. teen koska on pakko
a1384d77	Selviytymiskeino 3 - opi tuntemaan itsesi
6554513d	Tunne itsesi, luota itseesi
5a3995b9	Tunnistat vähintään kolme omaa luonteenvahvuuttasi
758e0e42	Ymmärrät, että vahvuudet ovat muutakin kuin kouluaineita
b6d76fce	Harjoittelet kertomaan itsestäsi myönteisesti
476aaf7d	Miksi tämä kannattaa?Omien vahvuuksien tunnistaminen ja käyttäminen on tutkitusti yhteydessä hyvinvointiin ja koulumenestykseen. Käytännössä tarvitset tätä taitoa pian: TET-paikan hakemisessa, yhteishaun pohdinnassa ja kaikissa tilanteissa, joissa pitää kertoa, kuka olet ja mitä osaat.
264c35b3	Kaikilla on vahvuuksia. Kun tunnet itsesi, teet parempia valintoja.
197e02a8	Testi / kysely
33aef2c1	Supervoimat , löydä omat vahvuutesi!
e3997442	Pelaa interaktiivinen tarina ja selvitä, mitkä ovat sinun supervoimasi. Tee valintoja ja löydä itsesi!
c53252ae	Vahvuushuutokauppa
37666651	Liikkuva ryhmätehtävä
fd2e1fc5	Jokaiselle ryhmälle annetaan budjetti: 10 pistettä ja lista 15 vahvuudesta. Ryhmä päättää yhdessä, mitkä 3 vahvuutta se haluaa "ostaa" , ja miksi juuri ne.
923d10b9	Lukekaa vahvuuslista läpi ja keskustelkaa: mitä kukin vahvuus tarkoittaa käytännössä?
dd939810	Sopikaa ryhmässä: mitkä 3 vahvuutta ostatte 10 pisteellä? (Pisteet voi jakaa esim. 4+4+2)
44e766b4	Jokainen kertoo vuorollaan: onko jokin ostetuista vahvuuksista minun?
84388b62	Kiertäkää kuuntelemassa, mitä muut ryhmät valitsivat , ja miksi
db0e2bb8	Purku: mikä vahvuus ostettiin useimmiten? Miksi se tuntuu tärkeältä?
ff0f227f	Luo oma vahvuuskartta: kirjoita paperille kaikki asiat, joissa olet mielestäsi hyvä , myös ne pieniltä tuntuvat. Luokittele vahvuudet: sosiaaliset, luovat, tekniset, fyysiset. Mitkä kategoria on sinulle vahvin?
87fde6da	Pyydä jotakuta, joka tuntee sinut hyvin, lisäämään listaan yhden vahvuuden, jota et itse huomannut
b6e0ecd1	Minkä huomasit osaavasi?
c16171cd	Mistä sait tällä viikolla hyvän fiiliksen tai kehut?
fa917f9f	Missä haluaisit tulla paremmaksi?
37ca81c9	Osaat nimetä omat ydinvahvuutesi ja antaa niistä esimerkin
7aa5d10a	Tiedät, että vahvuuksia voi kehittää käyttämällä niitä
77e53b19	Olet harjoitellut sanomaan itsestäsi jotain hyvää ääneen
4b59fee5	Selviytymiskeino 4 - unelmoi
d9fa591c	Unelmoi, kokeile, kasva
68c74b2a	Yksin tai parin kanssa
337c9c12	Harjoittelet kuvittelemaan erilaisia tulevaisuuksia
e47c9784	Huomaat, että haaveilu ja ideointi ovat taitoja, eivät laiskottelua
5bbae3c2	Opit toimimaan tilanteessa, jossa ei ole valmista oikeaa vastausta
f75ddc2e	Miksi tämä kannattaa?Tulevaisuudentutkijat puhuvat tulevaisuuslukutaidosta: kyvystä kuvitella useita mahdollisia tulevaisuuksia ja toimia, vaikka ei tiedä varmasti mitä tapahtuu. Moni työ, jota teet aikuisena, ei ole vielä olemassa , siksi kuvittelukyky on yhtä tärkeä taito kuin lukeminen tai laskeminen.
dc0ae499	Tulevaisuutta ei voi tietää etukäteen , mutta sitä voi harjoitella kuvittelemaan. Haaveilu ei ole laiskottelua. Se on taito, jota tarvitaan kun maailma muuttuu ja tutut työkalut katoavat.
abc175a5	Tällä oppitunnilla teet Aikamatka tulevaisuuteen -tehtävän: matkaat Robon kanssa vuoteen 2045, teet valintoja ja kirjoitat omista unelmistasi. Samalla harjoittelet tärkeintä taitoa: mitä teen, kun en tiedä mitä tehdä?
cd9039b5	Tehtävä , seikkailu , 10, 15 min
0f679118	Aikamatkatulevaisuuteen
0dd87473	Löysin aikakoneen! Tuletko mukaan vuoteen 2045?
9574ab85	Avaa Aikakone
f50d5e9a	Aikamatka tulevaisuuteen
a2927ab4	Tulevaisuutta ei voi tietää. Mutta sitä voi kuvitella , yhdessä Robon kanssa.
a7b542b1	Robo-robotti löysi vanhan aikakoneen. Se vie sinut vuoteen 2045 , aikaan, jolloin sinä olet jo aikuinen.
7f1b1436	Matkalla teet valintoja ja kirjoitat omista unelmistasi. Tarina on selkokielellä, ja sen voi tehdä itsenäisesti. Lopuksi voit tallentaa koonnin ja palauttaa sen opolle.
26b07dea	Tulevaisuuden arki , Robo yllättyy
7e9d8141	Mikä uusi asia tulevaisuudessa kiinnostaa sinua? Valitse ja kerro miksi.
4e99b6f3	Tulevaisuuden työt , Robo selaa puhelinta
61bb516c	Millaista työtä haluaisit kokeilla? Keksi jopa oma uusi ammatti.
e2430bb3	Oma unelma , koonti ja tallennus
b0b93840	Kirjoita yksi unelma ja yksi pieni askel jo nyt. Tallenna koonti opolle.
ff9f45a3	Yhdessä tunnilla
e0edc5a3	Jaetaan unelmat
ae20cdd9	Kun jokainen on tehnyt aikamatkan, jaetaan ajatukset yhdessä. Tarkoitus ei ole arvioida, vaan kuunnella: tulevaisuus voi näyttää erilaiselta jokaisen silmin.
e97cc0cf	Jokainen kertoo halutessaan yhden tulevaisuuden työn tai unelman
c0fe512c	Muut kuuntelevat , ei arvostella, jokainen unelma on yhtä arvokas
ca5b76e0	Etsitään yhteisiä asioita: mikä unelma toistuu monella?
8472cdb1	Koonnin voi palauttaa opolle (esim. Classroomiin)
1df287e0	Mikä sai sinut tällä viikolla innostumaan?
84eab347	Millaisesta tulevaisuudesta haaveilet juuri nyt?
4aa2f5e9	Mitä uutta opit itsestäsi?
1345b360	Olet kuvitellut oman tulevaisuutesi ja kirjannut yhden unelman
817f41fa	Osaat sietää tilannetta, jossa oikeaa vastausta ei ole
6d333d79	Tiedät, että tulevaisuuteen voi vaikuttaa omilla valinnoilla , yhdellä pienellä askeleella kerrallaan
6969b2de	Koulupäivän jälkeen
715a9e60	Löydä mielekästä tekemistä vapaa-ajalle.
8df49ee5	Koulu on vain osa päivää. Vapaa-ajalla opit asioita, joita koulussa ei opeteta , ja löydät ehkä jotain, josta tulee sinulle tärkeää.
7f63a3e8	Moi! Yläkoulu alkaa tästä
d7792330	seitsemäs luokka , DigiOpo , Tulevaisuus
9b80fb59	Opi haaveilemaan tulevaisuutta
051bf40b	Oma nimesi
fd97ddc3	Ryhmäläisten nimet , täytetään kun ryhmä muodostuu (vaihe 3)
29962625	Ryhmäläinen 2
28962492	Ryhmäläinen 3
23961cb3	Ryhmäläinen 4
6d884be4	Vaihe 1 , Herättely , Yksin pari , 5, 8 min
38ec2e86	Tilanne , Kallioharjun koulu
db601980	Kallioharjun some-katastrofi
b25df045	Some oli kerran uusi keksintö. Joku keksi sen. Nyt te keksitte seuraavan. Kallioharjun koulun rehtori Virtanen teki eilen historian suurimman päätöksen: "Koulu sulkee kaikki digitaaliset viestintäkanavansa. Heti. Lopullisesti." Instagram? Poistettu. TikTok? Häipynyt. Discord? Tuhottu. Ja sitten tuli se isoin uutinen: Wilma sammutetaan. Ryhmächatit hiljenivät yhdessä yössä. Kukaan ei tiedä, missä porukka hengaa välitunnilla tai kuka tulee illalla pelaamaan. Snäppi-streakit kuolivat. Meemit, joille koko luokka nauroi eilen, ovat poissa. Et voi postata mitään , eikä kukaan näe mitä teet. Treenien peruutuksesta ei tule viestiä kenellekään. Synttärikutsut eivät tavoita ketään. Uusi oppilas jää yksin, koska kaikki porukat olivat somessa. Koko koulun yhteinen juttu katosi yhdessä yössä. Olette oppilaskunnan hätäkokous.
cdfbe9d1	Mitä keksit somen tilalle?
362765cc	Mieti itse ensin , kirjoita yksi idea. Se voi olla tekninen, hauska, erikoinen tai täysin hullu. Ei ole väärää vastausta.
defa25ba	Minun ideani
0036cc06	Sitten parille Kerro ideasi vieruskaverille. Kuuntele hänen ideansa. Miettikää yhdessä: mikä toimisi paremmin kuin kumpikaan yksin?
5f0bff17	Yhteinen ideamme
be6a74cb	Vaihe 2 , Millainen ajattelija sinä olet , Yksilö , 8, 10 min
a300f548	Oppilaskunta tarvitsee erilaisia ihmisiä.
2eb6211d	Alla on neljä tilannetta. Valitse jokaisesta se vaihtoehto, joka kuulostaa sinulta , ei ole oikeaa tai väärää.
b13d4586	Oppilaskokous alkaa. Kukaan ei sano mitään. Sinä...
dbdf405f	Vaihtoehto A, Aloitat puhumaan , joku sen on tehtävä
c95dbe2f	Vaihtoehto B, Odotat että muut aloittavat , kuuntelet ensin
ed83da1b	Vaihtoehto C, Kirjoitat paperille mitä ajattelet , kerrot sitten
6beadeb0	Vaihtoehto D, Mietit miksi kukaan ei puhu , ongelma on siinä
9ba423ee	Ryhmällä on kolme ideaa eikä päästä yhteiseen ratkaisuun. Sinä...
6859d293	Vaihtoehto A, Ehdotat äänestystä , demokratia ratkaisee
2cedf08b	Vaihtoehto B, Yrität löytää mitä ideoissa on yhteistä
8ff0e9c2	Vaihtoehto C, Keksit neljännen idean joka yhdistää kaikki
4d558555	Vaihtoehto D, Muistutat että aika loppuu , pakko päättää
525b5070	Joku ehdottaa ideaa joka kuulostaa hullulta. Sinä...
2f5bc78c	Vaihtoehto A, Innostut , hullut ideat ovat parhaita
20425d2f	Vaihtoehto B, Kysyt miten se käytännössä toimisi
2c45928e	Vaihtoehto C, Pidät mielipiteen omana , ei kannata tyrmätä
abcaa9fc	Vaihtoehto D, Muokkaat ideaa heti paremmaksi mielessäsi
f4e03510	Ratkaisu on löydetty mutta kukaan ei halua esittää sitä rehtorille. Sinä...
0d543af0	Vaihtoehto A, Ilmoittaudut heti , ei se niin vaikeaa ole
a7fb79eb	Vaihtoehto B, Ehdotat ensin selkeää esitystä , sitten mennään
51ab75cb	Vaihtoehto C, Ehdotat että mennään yhdessä , ei yksin
9f3413e3	Vaihtoehto D, Kirjoitat mieluummin kuin puhut , ehdotat kirjettä
f2633498	Vaihe 3 , Kallioharjun ratkaisu , Pienryhmä , 15, 20 min
7969a4dc	Aika on tullut.
330ff3ec	Oppilaskunta kokoontuu. Teillä on yksi mahdollisuus vakuuttaa rehtori Virtanen. Katsokaa ryhmäänne , teillä on erilaisia ajattelijoita. Se on teidän vahvuutenne.
73399e6d	Kuka teistä hoitaa mitäkin? Sopikaa roolit ensin.
cd065b1d	Puheenjohtaja
83bc257d	Pitää keskustelun liikkeessä, huolehtii että kaikki pääsevät ääneen
c9c06fb9	Kirjuri
8dbf9996	Kirjaa ryhmän parhaat ideat
fe4a7a87	Kyselijä
ffb07a69	Esittää vaikeita kysymyksiä: "Mutta toimiiko tämä oikeasti?"
5f6250c0	Esittäjä
da89931c	Kertoo lopuksi muille luokalle mitä ryhmä keksi
07b9aa92	Rehtori kysyy: miten pidätte yhteyttä kavereihin ilman somea?
6d6070e0	Keksikää yksi konkreettinen idea. Se voi olla tekninen, hauska tai erikoinen , kunhan se toimii.
dc1c1306	Uusi oppilas tulee ensi viikolla. Hän ei tunne ketään eikä tiedä mitään koulusta.
79c8b8fb	Miten hän saa tiedon ja löytää kaverit , ilman somea?
f3bbb721	Tämä on vaikein kysymys.
ca7d6f35	Mitä koulu menettää pysyvästi kun some lähtee , ja voiko sen korvata millään? Tähän ei ole oikeaa vastausta. Keskustelkaa 3 minuuttia.
0fc5d2a6	Huomasitteko jotain?
ab1cc1d6	Yksin teidän ideat olivat yhdenlaisia.Yhdessä ne muuttuivat. Juuri niin tulevaisuutta rakennetaan , ei yksin.
366f727d	Tallenna vastauksesi
3f1dd680	Lataa vastauksesi tekstitiedostona ja lähetä se opettajalle Classroomin kautta.
5567d2d0	Tiedosto ladattu! Muista lähettää se Classroomiin.
7b25fb2b	Mitä seuraavaksi:
07eb3406	1Paina "Lataa vastaukseni" , tiedosto tallentuu automaattisesti
54b3b80a	2Avaa Google Classroom ja etsi tämä tehtävä
41a2898f	3Liitä tekstitiedosto tehtävään ja palauta
8bb4b3d7	Aloitus , vaihe 1 / 6
8c463875	Tulevaisuus , seitsemäs luokka
73acc537	Hei! Minä olen Robo.
40e44f86	Löysin vanhan aikakoneen. Se vie meidät tulevaisuuteen. Tuletko mukaan? Matkalla mietit, millainen sinun oma tulevaisuutesi voisi olla.
f84b4ce9	Näin teet tehtävän: Lue tarina. Tee valintoja. Kirjoita omat ajatuksesi. Lopuksi voit tallentaa vastaukset ja palauttaa ne opolle.
9bdebbad	Aikakone käynnistyy
6ed3e3df	Robo sanoo: Paina nappia! Me hypätään vuoteen 2045. Se on noin 20 vuoden päässä. Sinä olet silloin aikuinen.
1c87b06d	Robo sanoo:
74cc8859	Aikakone surisee. Valot vilkkuvat. Sitten kaikki on hetken hiljaa.
9dd53d24	Ennen kuin lähdetään, mieti yksi asia:
4be6013f	Mikä on sinulle tärkeää juuri nyt? (Esimerkiksi kaverit, harrastus, lemmikki, koulu.)
9c41caac	Pysähdys 1: Tulevaisuuden arki
c0522ef1	Robo huudahtaa: Vau! Katso ympärillesi! Kaikki on muuttunut. Bussit lentävät. Robotit auttavat kaupassa. Mutta ihmiset näyttävät ihan samalta.
3acf3674	Robo huudahtaa:
d43079bd	Te kävelette kadulla vuonna 2045. Moni asia on uutta. Silti ihmiset tekevät tuttuja asioita: he syövät, nauravat ja tapaavat kavereita.
cc589ee7	Valitse: Mikä uusi asia tulevaisuudessa kiinnostaa sinua eniten?
dc49848d	Vaihtoehto A, Robotit, jotka auttavat ihmisiä
9a6f78b2	Vaihtoehto B, Puhtaampi luonto ja uusi energia
5fdef663	Vaihtoehto C, Matkat avaruuteen
0a7f73e1	Vaihtoehto D, Uudet pelit ja virtuaalimaailmat
8e1827be	Miksi valitsit juuri sen? Kirjoita lyhyesti.
2a2bfaf4	Pysähdys 2: Tulevaisuuden työt
15d66fc8	Robo selaa puhelinta: Katso! Täällä on outoja ammatteja. Avaruusoppaita. Robottien hoitajia. Merilevän viljelijöitä. Moni näistä töistä ei ollut olemassa, kun sinä synnyit.
ba4ad583	Robo selaa puhelinta:
62d0ae62	Tutkijat sanovat näin: suuri osa tulevaisuuden töistä on vielä keksimättä. Se kuulostaa pelottavalta. Mutta se on myös hyvä uutinen.
359d8224	Sinä voit itse keksiä uuden työn.
95ae589e	Valitse: Millaista työtä haluaisit kokeilla tulevaisuudessa?
6cdf8d4b	Vaihtoehto A, Työ, jossa rakennan tai korjaan asioita
f9737e11	Vaihtoehto B, Työ, jossa luon ja keksin uutta
c7843666	Vaihtoehto C, Työ, jossa autan muita ihmisiä
d9cd7df0	Vaihtoehto D, Työ, jossa tutkin ja ratkaisen ongelmia
6ea85472	Keksi oma tulevaisuuden ammatti. Sen ei tarvitse olla vielä olemassa.
89a2ee41	Hyvä muistaa: Sinun ei tarvitse tietää vielä, mikä sinusta tulee. Riittää, että kokeilet ja mietit. Se on jo tärkeä taito.
bff2e264	Pysähdys 3: Sinun unelmasi
2ea99455	Robo kysyy: Nyt sinä olet nähnyt tulevaisuuden. Mitä sinä haluat siellä tehdä? Kerro minulle yksi unelma.
a7699914	Robo kysyy:
eae468b4	Unelma ei ole lupaus. Se voi muuttua monta kertaa. Unelma on vain suunta, jota kohti kuljet.
4174007c	Yksi unelmani tulevaisuudessa on…
78b88c9e	Yksi pieni asia, jonka voin tehdä jo nyt sitä kohti, on…
19c4981c	Matka on valmis
50b7b4a6	Robo sanoo: Hienoa! Sinä mietit omaa tulevaisuuttasi rohkeasti. Tässä on koonti matkasta. Voit tallentaa sen ja näyttää opolle.
ad89f912	Minulle on nyt tärkeää:
d01034df	Tulevaisuudessa kiinnostaa:
86f6a72a	Haluamani työ ja oma ammatti-idea:
5a2223b2	Unelmani:
fe595116	Pieni askel jo nyt:
324df118	Tiedosto on tallennettu. Muista palauttaa se opolle (esimerkiksi Classroomiin).
8734644e	Ryhmäkeskustelu
721f5391	Kirja kiinni , mitä muistat?
9c863526	Keskustellaan erilaisista oppimistavoista ja siitä, mikä toimii kenellekin.
f32a8f80	Keskustelun aihe
6e79c1e0	Aktiivinen muisteleminen
ece34edc	Passiivinen lukeminen ja alleviivaaminen on todettu tehottomaksi oppimisen kannalta.
bd1a3587	Parempi tapa on laittaa kirja kiinni: lue kappale, piilota kirja ja kirjoita tai sano ääneen kaikki, mitä muistat.
dfdd9e76	Lähde: Nuortennetti / Mannerheimin Lastensuojeluliitto (2026)
a6df84cb	Mieti ensin itse
ccfb0852	Sulje kirja tai laite. Mieti hiljaa: mitä juuri opit? Mikä jäi erityisesti mieleen?
380e5905	Kerro parille tai pienryhmälle
b0f1ce3e	Kerro vuorotellen: mitä muistit? Kuuntele toista. Mitä teillä oli samaa , mitä eri?
2658b61c	Jaa koko luokalle
ecbfcce2	Yksi asia ryhmästänne: mikä yllätti tai jäi parhaiten mieleen?
50760ee7	Kirjoita lyhyt yhteenveto
f2d745a0	Mitä opit tänään? Kirjoita 2, 3 lausetta omin sanoin.
7e4222c9	ℹ Tallenna ensin tiedosto, sitten liitä se Classroomin palautukseen.
8a4ee44c	Ryhmän jäsenet:
7c9264a3	Budjetti:10 pistettä
2dac3cd4	Vahvuuslista , merkitse rasti valitulle, kirjoita pisteet
e18303ba	Luovuus
c7498519	Pitkäjänteisyys
02ba0a76	Empatia
af790b8a	Rohkeus
4a415f44	Huumorintaju
fe2b202c	Oikeudenmukaisuus
e2b8a672	Uteliaisuus
2ce66920	Yhteistyötaito
d99457a5	Sinnikkyys
c00ca3e8	Johtajuus
c1a0b38a	Rehellisyys
ae3b073f	Rauhallisuus
047a6ffa	Innokkuus
6d841917	Huolellisuus
2a483ca1	Kyky auttaa muita
ced02ba2	Ostetut vahvuudet , kirjoita tähän
d02d1731	pisteet:
055bca52	Miksi ostitte juuri nämä? Jokainen ryhmäläinen kertoo vuorollaan: onko jokin näistä vahvuuksista minun? Perustele.
6fca08f2	Opi, miten aivosi toimivat , ja tee niistä terävämmät!
32b333f7	Opettajan puhe
d7dd5d37	Aivosi ovat tähän saakka kehitetty paras tietokone!
2d9d56f9	Muisti ei ole vain yksi asia , se on kuin kirjasto, jossa on eri osastoja. Uusi tieto menee ensin lyhytkestoiseen muistiin. Sieltä se siirtyy pitkäkestoiseen muistiin, kun toistat sen tarpeeksi monta kertaa.
7377e891	Tärkein juttu: Mitä useammin kerrataan, sitä paremmin muistaa!
4c04032c	Lyhytkestoinen muisti Muistaa 7 asiaa noin 20 sekuntia
35448e41	Pitkäkestoinen muisti Muistaa lopun elämää , jos toistat!
c1826d8f	Janottavaa hommaa Juo vettä , kuiva aivosolu muistaa huonosti!
34f21721	Uni on tärkeää Nukkuessa aivot tallentavat päivän opit
2b34836f	Toista pian oppimisen jälkeen
2a2637cc	Toista 1 vuorokauden kuluttua
4261e879	Toista 1 viikon kuluttua
a52fc5d6	Toista 1 kuukauden kuluttua
30c31172	Toista 3, 6 kuukauden kuluttua
338c10d1	Toiminnallinen tehtävä
91a0709d	Muistijono , liike muistaa!
11a0c61a	Tämä tehtävä tehdään seisten ja liikkuen. Nousette ylös ja muodostatte ringin!
0d5fd36c	Näin tehdään:
7e488999	Muodostakaa rinki , kaikki seisovat.
d8f415ca	Ensimmäinen keksii yhden liikkeen (esim. taputtaa, hyppää, kääntyy) ja tekee sen , kaikki toistavat.
349a55e8	Seuraava toistaa edellisen liikkeen ja lisää oman , kaikki toistavat koko jonon järjestyksessä.
ac843f74	Jatketaan rinkiä , kuinka pitkäksi jono kasvaa? Jos joku unohtaa, se on ok , katsotaan yhdessä missä muisti meni pieleen!
0fc3e592	Purku , keskustelkaa sen jälkeen:
d4c2c836	Mikä auttoi sinua muistamaan? (rytmi, kuva mielessä, tarina?)
11e3a49b	Monesko liike oli vaikein muistaa , ja miksi?
79dc1b1b	Miten tätä voisi käyttää opiskellessasi?
b21ffd93	Muistitesti
e40a57f2	Vaihe 2
4d3cb445	Katso numerot, muista ne , sitten kirjoita muistista!
249922b2	Muista nämä numerot!
76d5eaf2	Kirjoita numerot järjestyksessä:
40db4ed6	Vihje: välit eivät haittaa
aa2b9bd6	Tai siirry eteenpäin
d63aaf98	Muistipeli , löydä parit!
e50a5985	Vaihe 3
b212ae2d	Käännä kortteja ja löydä kaikki parit. Muista missä olet nähnyt samanlaisen kortin!
6f41cd14	Parit: 0 / 8 , Yritykset: 0
f6056107	Loistava muisti!Löysit kaikki parit!
fc2961da	Tietovisa , muistin salaisuudet
de0a4e80	Vaihe 4
fd4faab5	Hienosti tehty!
dc503d8e	Olet suorittanut muistitehtävän!
4e94ee06	oikein
73dc677e	Toista! Lue tai kuuntele sama asia useampaan kertaan eri päivinä.
ef86986e	Yhdistele! Liitä uusi tieto johonkin, jonka jo tiedät.
340d4dd7	Kirjoita muistiin! Kirjoittaminen auttaa aivojasi tallentamaan.
a8f35733	Leiki! Tee muistamisesta hauska peli , käytä loruja tai kuvia.
97a07091	Selviytymiskeino 2 , Löydä motivaatiosi
a004caf9	Pienryhmätehtävä, jossa oppilaat ensin keksivät ratkaisuja motivaatio-ongelmiin, sitten kiertelevät parantamassa toistensa ideoita.
cd83f64d	Kortti 1
68ff2a39	Et jaksa tehdä kotitehtäviä
45e7a79f	Miltä tuntuu katsoa pinkaa tekemättömiä tehtäviä? Mitkä keinot voisivat auttaa aloittamaan?
625f1494	Ratkaisut ja keinot:
ca83f194	Kortti 2
43477ab4	Oppiaine tuntuu täysin turhalta
2709a1bf	Miksi pitää opiskella asioita, joilla ei tunnu olevan mitään järkeä? Miten löytää yhteys omaan elämään?
cb83f327	Kortti 3
4cc5bd4a	Saat huonon arvosanan, vaikka yritit
33c0fc19	Kuinka jaksaa yrittää uudelleen, kun pettymys on iso? Mitä sanoisit kaverille samassa tilanteessa?
c883ee6e	Kortti 4
0f1f0a0a	Kaveri häiritsee , et pysty keskittymään
2d889076	Miten pitää oma fokus, kun ympäristö häiritsee? Entä jos häiritsijä on paras kaveri?
c983f001	Kortti 5
7f536697	Vertaat itseäsi muihin ja tulee huono olo
255234ed	Muut tuntuvat osaavan helpommin. Miten löytää oma tahti ja uskoa omaan osaamiseen?
c683eb48	Kortti 6
b7f51ad9	Aamulla ei yhtään huvita tulla kouluun
433eccf6	Jokin saa kuitenkin nousemaan ylös. Mikä se voisi olla? Miten tehdä koulupäivästä sellainen, jota odottaa?
de86d636	Purkukysymykset opettajalle
88c2d588	Mikä idea yllätti teidät eniten , sellainen, jota ette olisi itse keksitty?
d56c1256	Löytyikö jokin keino, joka toistui useammassa kortissa? Mitä se kertoo motivaatiosta?
234ac4cf	Onko helpompi keksiä ratkaisuja toisen ongelmaan kuin omaan? Miksi?
0c648da4	Mikä ero on sisäisellä ja ulkoisella motivaatiolla näissä keinoissa , kuinka moni keksitty idea liittyy kumpaan?
fdd9866b	Opi lukemaan älykkäämmin , ei nopeammin!
3a7c316b	Älykäs lukija ei lue kaikkea , hän valitsee mitä lukee!
c3f555f1	Lukeminen ei tarkoita vain sanojen tunnistamista. Älykäs lukeminen tarkoittaa sitä, että osaat löytää tarvitsemasi tiedon nopeasti ja ymmärrät sen oikeasti.
eb62378a	Ennen lukemista: Silmäile sisällysluettelo, lue otsikot ja ensimmäiset virkkeet. Näin tiedät, mistä tekstissä on kyse , ennen kuin edes aloitat!
a5c865bc	Älykas lukeminen Silmäile ensin, sitten lue tarkasti tarvittavat kohdat
646ce56a	Aktiivinen lukeminen Kynä kädessä , merkitse tärkeät kohdat heti!
fa260ee5	1Yritä saada yleiskuva , mistä teksti kertoo?
eef2d905	2Lue kappale kerrallaan , ymmärsitkö sen?
319adebc	3Tee tiivistelmä muutamalla sanalla , kirjoita tai sano ääneen
c6529593	Tekstitaidelähtö , piirrä mitä luit!
c40347a6	Tämä tehtävä tehdään liikkuen ympäri luokkaa ja piirtäen. Ottakaa kynä ja paperi!
30191289	Opettaja kiinnittää 4, 5 lyhyttä tekstiä seinille ympäri luokkaa.
d7dea467	Kierrätte tekstit vapaassa järjestyksessä ja luette ne , jokainen omaan tahtiin.
be9d7415	Valitse yksi teksti ja piirrä sen pääajatus paperille. Ei sanoja , vain kuva!
0e72442d	Esitellään kuvat , muut arvaavat, mitä tekstiä kuva esittää. Paras arvaus voittaa!
14eda230	Teksti 1: "Aivot tarvitsevat vettä. Kun juot tarpeeksi, muistisi ja keskittymisesi paranevat. Kuiva aivosolu toimii huonosti."
34b51644	Teksti 2: "Uni on tärkeä oppimiselle. Nukkuessa aivot tallentavat päivän opit pitkäkestoiseen muistiin."
dd0a7f02	Teksti 3: "Toistaminen on muistamisen tärkein taito. Mitä useammin kerrataan, sitä paremmin asia jää mieleen."
2742ce11	Teksti 4: "Liikunta parantaa oppimista. Kun liikut, aivoihin virtaa enemmän verta ja happea."
b19ca425	Avautuu uuteen välilehteen , Tulosta A4, leikkaa kortit irti
9a0aa331	Purku: Miten tiivistit tekstin kuvaan?
59f75356	Se on juuri sitä, mitä älykas lukija tekee , etsii pääajatuksen ja tiivistää sen!
8bae823d	Arvaa mistä teksti kertoo!
53e1727d	Lue vain tekstin alku. Arvaa sitten, mistä aiheesta teksti kertoo. Älykäs lukija osaa tehdä tämän!
7eda44be	Järjestä lukemisen vaiheet
5e7701db	Vedä (tai napauta ylös/alas) vaiheet oikeaan järjestykseen. Mikä on älykkään lukijan oikea järjestys?
b48c6307	Tietovisa , lukemisen taito
51fc66d2	Mahtavaa , olet älykäs lukija!
a5970fe1	Olet suorittanut lukemistehtävän!
cad29676	Silmäile ensin! Katso otsikot ja kuvat ennen kuin aloitat lukemisen. Näin tiedät mitä odottaa.
ff3813f6	Kynä kädessä! Alleviivaa tai kirjoita muistiin tärkeimmät kohdat heti kun löydät ne.
f388c3f5	Ydinvirke! Kappaleen ensimmäinen virke kertoo yleensä koko kappaleen pääasian.
7dfafd1b	Tiivistä! Selitä juuri lukemasi asia jollekin toiselle omin sanoin , se on paras tapa varmistaa, että ymmärsit.
734718e6	Suunnittele, järjestä ja ota kontrolli omasta ajastasi!
e52cd468	Aikataulu on kuin kartta , ilman sitä eksyt!
1e146f16	Aikataulu ei ole vankilankalteri vaan vapauslaitos. Kun tiedät mitä pitää tehdä ja milloin, voit rentoutua huoletta vapaa-ajalla , sinun ei tarvitse stressata tekemättömistä töistä!
1229186e	Tärkein vinkki: Laske taaksepäin koepäivästä. Jos koe on perjantaina, milloin teet viimeisen kertauksen? Torstaina! Milloin harjoittelet tehtäviä? Keskiviikkona! Ja niin edelleen , älä jätä kaikkea viimeiseen iltaan!
705b4736	Näin jaat kokeeseen valmistautumisen osiin:
5f4d6a14	6Koe (määräpäivä)
89a88c37	5Viimeinen kertaus
711c5604	4Harjoittelutehtävät ja itsetestaus
3255f88f	3Tiivistelmän tekeminen
e5f6de6e	2Muistiinpanojen ja kirjan läpikäynti
f3a9a64d	1Aloita ajoissa (aloita tästä!)
3faae88d	Suunnittele taaksepäin , aloita koepäivästä!
7f3d1037	Ihmisaikajana , sinä olet tehtäväkortti!
f916da86	Tämä tehtävä tehdään lattialla liikkuen. Jokainen teistä on osa aikataulua!
47e5cdd5	Opettaja tekee lattialle aikajanan teipillä tai merkitsemällä: päivät 1, 10 (tai Ma, Pe).
46858f80	Jokaiselle oppilaalle annetaan tehtäväkortti: Muistiinpanojen läpikäynti / Tiivistelmä / Harjoittelu / Viimeinen kertaus / Koe
27572acd	Jokainen asettuu aikajanalle kohtaan, johon oma vaihe kuuluu. Ensin vapaasti , sitten tarkistetaan yhdessä!
4e51590d	Opettaja sanoo: "Koepäivä on päivä 10!" , Ryhmä tarkistaa: mahtuuko kaikki? Onko puskuria? Siirretään tarvittaessa!
ce6b936f	Opettaja lisää yllätyksen: "Päivä 7 sairastuit!" , Mitä tapahtuu aikataululle? Siirretäänkö vaiheita?
adcfc49d	Muistiinpanojen läpikäyntiPäivät 1, 3
b0bfed50	Päivät 1, 3
b9bede01	TiivistelmäPäivät 3, 5
2f9f07b4	Päivät 3, 5
61cb2889	HarjoitteluPäivät 5, 7
bb2c7da8	Päivät 5, 7
683632bf	Viimeinen kertausPäivät 7, 9
f7efaf64	Päivät 7, 9
29b37ba9	KOE , Päivä 10!
b3544ba9	Purku , keskustelkaa lopuksi:
01ab3a68	Oliko aikataulussa tarpeeksi puskuria?
e284b922	Mistä kohdasta laskettiin taaksepäin , ja miksi se on järkevää?
7a72250e	Mitä olisi tapahtunut, jos olisimme aloittaneet liian myöhään?
884d85a5	Suunnittele kokeeseen lukeminen
2e4985c8	Matematiikan koe on ensi perjantaina! Sinulla on 10 päivää aikaa. Kuinka jaat ajan eri lukemisvaiheisiin? Muista jättää 1 päivä puskuria!
72afe109	Koepäivä
a27829bd	Perjantai , 10 päivän päästä
a57a762f	Montako päivää annat kullekin vaiheelle? (Yhteensä max 9 päivää , 1 päivä puskuria!)
0d4c06f2	Yhteensä: 0 / 9 päivää
2eae1bcd	Tietovisa , aikataulujen salaisuudet
ee13187d	Lisätehtävä
df0a5013	Vaihe 5
a446b11a	Rakenna oma viikkoaikataulusi! Vedä tehtävät kalenteriin, tai valitse tyhjästä ruudusta pudotusvalikolla mitä lisäät. Yritä pitää tasapaino: ei liikaa samana päivänä!
d73588cc	Tehtäväpankki , vedä kalenteriin
1a05f0a2	Työtaakka per päivä:
c5d17bc4	Olet aikatauluguru!
94af5362	Olet suorittanut aikataulutehtävän!
e5202369	Tarkista aikataulu joka viikko! Aikataulun täytyy olla elävä , päivitä se aina kun suunnitelmat muuttuvat.
b1598cec	Aseta hälytyksiä! Puhelimen kalenteri ja hälytykset muistuttavat tärkeistä päivämääristä.
595cc805	Laske taaksepäin! Aloita aina suunnittelu määräpäivästä , ei aloituspäivästä.
ad9530c7	Muista lepo! Hyvä aikataulu sisältää myös vapaa-aikaa. Väsynyt aivot ei opi!
9d94e0b0	TiedonTemppeli
c6a9e43c	Tiedon TemppelinSalaisuudet
fa90c0c9	Salaisuudet
a3446514	Kuka pääsee nopeiten temppelin huipulle ja voittaa aarteen?
6e34784b	Kierros 1 , Temppelin Portti
64b15a4e	Edessäsi on Tiedon Temppeli , täynnä mystisiä portteja ja arvoituksia. Ratkaise kaikki 30 arvoitusta kolmessa kerroksessa. Nopein pelaaja pääsee temppelin huipulle ja voittaa aarteen! Aarteen sisältö selviää vain voittajalle.
0c0862d9	K1: 100p , K2: 150p , K3: 200p per oikea , Tulostaulu
c960f384	Nimi *
3516c183	Koulu *
c7c3115c	Luokka (vapaaehtoinen)
df4d2e57	Kirjoita ainakin nimi ja koulu
3fb1fefe	Tiedon Temppeli , Kierros 1
09d4be3d	Kierros 1
7a3aa631	Pisteet
3583995b	Ratkaistu
9a68dfe7	Aika
8ce16f9d	Klikkaa portteja ja ratkaise arvoitukset. Nopein pelaaja pääsee temppelin huipulle ja voittaa aarteen , aarteen sisältö selviää vain voittajalle!
52369965	Ratkaistu: 0/10
cbe11a58	Kategoria
c001abf5	Otsikko
6006e817	Ensimmäinen kerros läpäisty!
33044ae3	Olet ratkaissut kaikki arvoitukset temppelin porteilla. Edessäsi siintää Tiedon Temppelin ensimmäinen kerros , arvoitukset ovat vaikeampia, mutta pisteitäkin saa enemmän! Aarre odottaa temppelin huipulla.
9f0e081a	Aarre odottaa temppelin huipulla.
8b9cec37	KIERROS 1 , PISTEET
80063fcb	Kierros 2: oikea vastaus = 150p + aikabonus
f13e042a	Toinen kerros läpäisty!
25676524	Upea suoritus , olet päässyt lähelle temppelin huippua! Edessäsi on Tiedon Temppelin viimeinen kerros , kaikkein vaikeimmat arvoitukset odottavat, mutta jokainen oikea vastaus tuo 200 pistettä + aikabonus! Tämä on viimeinen mahdollisuus kisata aarteesta.
69dfddd8	Tämä on viimeinen mahdollisuus kisata aarteesta.
e0431bdd	PISTEET TÄHÄN MENNESSÄ
03ded960	Kierros 3: oikea vastaus = 200p + aikabonus
bcff87ac	Seikkailu päättyi!
6836c838	päättyi!
a431cbbc	Mahtava suoritus!
362e2f30	kokonaispistettä
34653d44	Olet saavuttanut temppelin huipun! Näytä tämä koodi opettajallesi:
9722d126	Oikein
b461897e	Kokonaisaika
c5952629	TULOSTAULU , TOP 5 (K1 + K2 + K3)
2fec5afd	Ladataan...
0154936d	Tulostaulu
2733b2a7	TOP 5 , YHTEISPISTEET (K1 + K2 + K3)
9030eab7	Supervoima-etsintä
2b3705e1	Sinussa on vahvuuksia, joita et ehkä itse edes huomaa.Löydetään ne yhdessä!
f0b22eaf	Kesto: noin 5, 10 minuuttia
cc8701ac	AI-laboratorio
a7d8c908	Robo opettaa sinua!
a374aaa7	Tässä pelissä Robo antaa sinulle tehtäviä tekoälystä.Opitaan yhdessä, mitä tekoäly on , ja miten sitä käytetään järkevästi.
bd007b3a	AI-laboratorio , Luku 1 / 5
9010efa8	Tekoäly toimii minun sisälläni.
7a4d26d5	Mutta mitä tekoäly oikeastaan on? Valitse oikea vastaus!
c1403b4c	Mitä tekoäly tarkoittaa?
8d029404	Vaihtoehto A, Robotti, joka tuntee tunteita
343269bd	Vaihtoehto B, Ohjelma, joka oppii tiedosta ja tunnistaa malleja
ff08e4c6	Vaihtoehto C, Tietokone, joka ajattelee kuten ihminen
10d72a09	Vaihtoehto D, Internet-palvelu, joka tietää kaiken
6897be77	AI-laboratorio , Luku 2 / 5
d5d987b4	Tekoäly voi auttaa sinua opiskelussa. Mutta se ei sovi kaikkeen.
535fa0ed	Lajittele tilanteet! Mihin tekoäly sopii , ja mihin ei?
4abcb513	Voit raahata kortit tai klikata korttia ja sitten kolumnia.
5e00ba5d	Lajittele tilanteet oikeaan sarakkeeseen
cf11c52c	Haluan tiivistelmän matematiikan luvusta
6347368a	Haluan tietää, mitä mieltä ystäväni on minusta
94e35739	En ymmärrä sanaa , selitä se minulle
614c43d9	Tee koevastaukseni valmiiksi puolestani
7767300c	Keksi minulle harjoitustehtäviä historiasta
731add85	Kerro, mitä tapahtui koulussa tänään
b62e993a	Tekoäly voi auttaa
b8309cb8	Tee itse tai kysy ihmiseltä
e2a6b46d	Tiedätkö, miten voit valmistautua kokeeseen minun avullani?
b1c6ae85	Pyydä minua kuulustelemaan sinua!
bbeaedca	Kirjoita tekoälylle näin:
87c7ea59	Esimerkki "Olen 7-luokkalainen. Tenttaa minua valokuvauksen perusteista. Kysy yksi kysymys kerrallaan. Kerro jokaisen vastauksen jälkeen, oliko se oikein , ja miksi."
a745d4f9	Esimerkki
c1ec1be0	Tekoäly kysy kysymyksen , sinä vastaat.
fdd28c85	Tekoäly kertoo, oliko vastaus oikein. Se myös selittää.
61a99f5f	Voit pyytää lisää kysymyksiä tai vaikeampia kysymyksiä.
2f5c96e8	Miksi on hyvä, että tekoäly kysyy yksi kysymys kerrallaan?
f82cbcaf	Vaihtoehto A, Koska tekoäly ei muista enempää
e3a4e73c	Vaihtoehto B, Koska saat vastata rauhassa ja opit paremmin pienissä osissa
d8aa0a5f	Vaihtoehto C, Koska muuten koe menee liian helpoksi
1370d494	AI-laboratorio , Luku 3 / 5
2c8cf986	Tekoäly antaa paremman vastauksen, kun kysyt hyvin!
4d0f699f	Hyvä kysymys kertoo: kuka olet, mitä haluat, ja mikä on tilanne.
842f48cf	Vertaile näitä kahta:
d72ecfbf	Heikko: "Selitä fotosynteeesi"
c6c0cc2d	Hyvä: "Olen 7-luokkalainen. Selitä fotosynteesin vaiheet lyhyesti ja helposti."
9b037046	Kumpi on parempi kysymys tekoälylle?
17c1542b	Vaihtoehto A, "Kerro murrosikä"
d4a1598a	Vaihtoehto B, "Olen 7-luokkalainen. Selitä murrosikä kolmella lauseella, helposti."
eea0918d	Vaihtoehto C, "murrosikä???"
e48aa351	AI-laboratorio , Luku 4 / 5
4e77b314	Minä voin tehdä virheitä. Tarkista aina, mitä kerron sinulle.
adc6c949	Ja muista: koulussasi sinun oma ajattelusi on tärkeintä!
9c903782	Tekoäly teki koetehtäväsi valmiiksi. Mitä teet?
411aa864	Vaihtoehto A, Palautat sen sellaisenaan , nopea ja helppo!
a6852156	Vaihtoehto B, Luet läpi, muokkaat omin sanoin ja lisäät oman ajatuksen
b1f2d545	Vaihtoehto C, Heitit sen pois , tekoäly ei koskaan auta
9ec2d909	Tekoäly kertoo sinulle jonkin tiedon. Mitä teet seuraavaksi?
9ca269e8	Vaihtoehto A, Uskon kaiken heti , tekoäly tietää kaiken
ca38bdac	Vaihtoehto B, En käytä tekoälyä lainkaan , se valehtelee aina
ba8afa63	Vaihtoehto C, Tarkistan tiedon muualta , esim. oppikirjasta tai luotettavalta sivustolta
cbe456ee	AI-laboratorio , Luku 5 / 5
85e7ebfd	Hienoa! Opit paljon tänään.
2e4406ab	Tässä on koonti siitä, mitä tekoälystä kannattaa muistaa:
4ec7ffec	Tekoäly on ohjelma, ei ihminen. Se oppii tiedosta, mutta ei tunne eikä ajattele kuten sinä.
bf629c33	Tekoäly voi auttaa opiskelussa. Se selittää, tiivistää ja keksii harjoitustehtäviä , mutta ei tee töitä puolestasi.
92b1a5bf	Kysy hyvin, saat paremman vastauksen. Kerro, kuka olet ja mitä haluat. Mitä tarkempi kysymys, sitä parempi vastaus.
d2d71785	Tarkista aina, mitä tekoäly kertoo. Tekoäly voi erehtyä. Sinä olet se, joka ajattelee.
f923c915	AI-laboratorio suoritettu!
a5d5bf83	Hienoa työtä!
ae650427	Opit, mitä tekoäly on, miten käytät sitä opiskelussa ja miksi oma ajattelusi on korvaamatonta.
dd7cd84e	Tekoäly on työkalu , sinä olet se, joka ohjaa sitä.
c4e2f181	Loading…
88c4a22a	Yläkoulun pakopeli , seitsemäs luokka
56c6d2db	Yläkoulun pakopeli!
1b912d11	Selviätkö ulos koulurakennuksesta? Pelissä on 10 kysymystä, jotka liittyvät opiskeluun. Jos saat tarvittavan määrän pisteitä, pääset ulos koulusta!
917e7dd7	luokkaa
b25252d1	pistettä max
e332b868	pistettä vaaditaan
dde5a73d	Oppilas näyttää koodin pelin lopussa. Tarkista koodi alta.
8f2c70cf	Koodi
7800c6d8	Mitä tarkoittaa
971d091c	TAITO8
f0223ea5	0, 19
304f0b5b	Tarvitsee paljon tukea. Käykää läpi miksi valinnat olivat haastavia.
1fedce2a	KOULU7
e5165ce3	20, 39
2da1c6cd	Alkuvaiheessa. Joitakin hyviä strategioita, mutta paljon kehitettävää.
e0b107d4	OPPIJA
15336b23	40, 59
7782b829	Ymmärtää oppimisen perusteet. Kannusta kokeilemaan uusia strategioita.
ecd6fda0	GENIUS
f29db9c3	60, 79
e8033f8b	Hallitsee taidot hyvin. Kävi sakkokierroksella mutta selvisi.
9f18eafb	VAPAUS
6e8dd803	80, 99
571a97fb	Hallitsee taidot erinomaisesti. Ei tarvinnut sakkokierrosta.
367cc7a8	VIISAS
2d97dc15	100+
79a88049	Huippusuoritus! Lähes täydet pisteet.
e29da141	Robo saapuu kouluun
1e5c9330	Tervetuloa! Tässä tarinassa tutustut tekoälyyn Robon avulla.
6df3a135	Luku 1 / 7
d981777a	Saat antaa minulle oman nimen!
b769bcd7	Anna Robolle nimi
8b0d6215	Kirjoita nimi tähän:
dbd0f68c	Luku 2 / 7
7cd3219d	Tekoäly on tietokoneohjelma. Se oppii tiedosta.
f33bbb3b	Tekoäly ei ajattele kuten ihminen. Se ei unelmoi eikä keksi omia tavoitteita.
fded1fef	Se käsittelee paljon tietoa ja etsii siitä malleja.
120fc18b	Tekoäly on jo arjessasi:
a4efa323	Karttasovellus
6dfa6360	Suoratoistosuositukset
052d3a7b	Pelit
66482ed2	Ääniohjaus
8194a9c2	Mitä tekoäly tekee?
a6c5b405	Vaihtoehto A, Se ajattelee kuten ihminen
ee691238	Vaihtoehto B, Se käsittelee tietoa ja etsii malleja
08310834	Vaihtoehto C, Se tietää kaiken
063e4ccf	Luku 3 / 7
54147fe6	Minä pystyn moniin asioihin, joihin ihminen ei aina pysty.
d04c1bb8	Robotti pystyy:
c313e9eb	Toistamaan tarkkoja liikkeitä loputtomasti
30bd9729	Mittaamaan ja keräämään tietoa nopeasti
e8ddddf9	Toimimaan vaarallisissa paikoissa
7720cba2	Auttamaan lääketieteessä ja tutkimuksessa
ba6ecf66	Luku 4 / 7
7d10839f	Minulla on myös rajoja. En osaa kaikkea.
79cb6f03	Vastuu on aina ihmisellä.
03268a3d	Robotti EI pysty:
c2e8435a	Päättämään, mikä on oikein tai väärin
54f92962	Tuntemaan empatiaa
38f82811	Ymmärtämään ihmisen elämää
dec1e7c6	Kantamaan vastuuta teoistaan
76f5b904	Tosi vai taru? , Tekoäly voi päättää, mikä on oikein ja väärin.
45d9ea1a	Vaihtoehto A, Tosi
05b19860	Vaihtoehto B, Taru
981edd38	Muista: jos minulle annettu tieto on väärää, myös vastaukseni voi olla väärä.
3a81e44f	Siksi ihmisen täytyy aina tarkistaa, mitä minä sanon.
052fcbcc	Tosi vai taru? , Tekoäly voi joskus antaa väärää tietoa.
7b9a4869	Luku 5 / 7
783c97a4	Olen nopea ja pystyn käsittelemään valtavasti tietoa.
e6c69a90	Mutta minä en ymmärrä maailmaa kuten sinä. En tunne. En koe elämää.
00db73f6	Minä tarvitsen sinua.
e9779dc0	Luku 6 / 7
4e03cc1a	Tiedätkö, mikä on sinun supervoimasi?
e4c6ff8b	Inhimillisyys. Tekoäly voi auttaa, mutta ei korvata näitä taitoja:
b2d58ab2	Keksit uusia ideoita ja teet asioita uudella tavalla.
04b00689	Yhteistyö
a3dc8ec2	Teet töitä muiden kanssa ja kuuntelet toisia.
69d4cc64	Kriittinen ajattelu
52004334	Mietit, onko tieto totta. Kysyt: mistä tämä tulee?
26afb8e5	Tunneäly
ee6b4b05	Ymmärrät omia ja toisten tunteita. Osaat olla empaattinen.
b8128fce	Ongelmanratkaisu
85a1fc72	Löydät ratkaisuja vaikeisiin tilanteisiin rauhallisesti.
60978c77	Eettinen ajattelu
76ba6c45	Mietit, mikä on oikein ja mikä voi vahingoittaa muita.
5abadfcb	Oppimaan oppiminen
bc68e0f7	Opit uusia asioita ja kehität itseäsi koko ajan.
91719256	Mikä kiinnostaa sinua eniten?
6dd56d8b	Vaihtoehto A, Piirtäminen ja ideointi
fcd1e367	Vaihtoehto B, Keskustelu ja tiimityö
1280a2f9	Vaihtoehto C, Koodaus ja teknologia
b4ca133f	Vaihtoehto D, Väittely ja faktojen tarkistus
2129e8c3	Luku 7 / 7
ad925032	Minä voin auttaa. Mutta sinä rakennat tulevaisuuden.
0e491686	Kerro lyhyesti itsestäsi
54852acc	Mikä on sinun unelmasi?
42fb85cd	Mitä haluat oppia?
3cc24c4c	Mikä haluaisit olla isona?
aeaabba2	Valmis!
e5142e0b	Sinä kirjoitit:
7c2f0459	Palauta tehtävä opettajalle
b87ffd92	Paina Lataa vastauksesi -nappia alla.
7c3d08f9	Tiedosto tallentuu laitteellesi nimellä robo-vastaukset.txt.
ec3bd5a4	Avaa Google Classroom ja palauta tiedosto tehtävään.
